gen,idx,fitness,val_scaled_mse,y0_r2,y1_r2,avg_r2,train_time_s,lookback,target_smooth_window,freq_minutes,batch_size,lr,weight_decay,grad_clip,hidden_size,num_layers,dropout,fc_size
0,0,1.0885561319986978,1.0885561319986978,0.3987466391756095,0.5120218650622619,0.4553842521189357,2.616933584213257,144,3,5,256,0.0002548306440415268,0.0,1.4729424283280248,32,2,0.015891339740891797,32
0,1,0.80318896484375,0.80318896484375,0.5930289819248704,0.6048897408788243,0.5989593614018474,1.6719262599945068,36,3,5,256,0.0001966560537670851,4.313446758128072e-05,0.4408812440813934,128,1,0.37940368356488363,32
0,2,0.6037476034126231,0.6037476034126231,0.6682453974046513,0.6969294571839428,0.6825874272942971,2.9000277519226074,144,6,5,128,0.00016969227567105897,1.0227833166821112e-05,0.18549168676029582,32,2,0.4237471831737299,128
0,3,0.8740674438476562,0.8740674438476562,0.5480698698300669,0.578671875644859,0.5633708727374629,2.2592339515686035,72,3,5,256,0.00015289151295721191,1.7234575632757804e-06,0.5863565628141858,128,1,0.35228591810746174,32
0,4,0.7499637145996094,0.7499637145996094,0.6221813949521986,0.6289848425069255,0.6255831187295621,3.5256428718566895,144,3,5,64,0.0018340365453406995,1.3815883902560115e-05,0.906820604736871,128,1,0.18509048355844132,32
0,5,0.4854334689905551,0.4854334689905551,0.7402233900451787,0.7501143116486166,0.7451688508468977,3.5564608573913574,144,6,5,256,0.0008668419606834459,5.4254126473815405e-06,0.9245204237022315,128,1,0.3423071254949373,32
0,6,0.7162350667317708,0.7162350667317708,0.6420068233847925,0.6429613878159203,0.6424841056003564,3.2237277030944824,36,3,5,128,0.000248591193064453,0.0,1.8858194286701089,128,1,0.32771933264744,64
0,7,0.4813858154459853,0.4813858154459853,0.7441592675321127,0.750620855522241,0.7473900615271769,14.343141317367554,144,6,5,128,0.0001607869928374808,4.139347327126983e-05,1.4940276233045158,256,2,0.18099822185680547,32
0,8,0.49990049446218005,0.49990049446218005,0.728972345979413,0.745794078476286,0.7373832122278494,4.982364177703857,144,6,5,64,0.0018704814707313866,0.0,0.3199640034449005,256,1,0.19238365583725003,128
0,9,0.3051734557126295,0.3051734557126295,0.8133132195341658,0.8429586265370985,0.8281359230356322,2.797517776489258,72,12,5,256,0.001868426394677217,0.0,1.4414436387203893,128,2,0.05577608679793822,64
0,10,0.508543271725582,0.508543271725582,0.730743264483527,0.7356455685618275,0.7331944165226773,2.360159397125244,36,6,5,256,0.001966713026065412,0.0,1.0011722261005966,64,1,0.43525928491838345,64
0,11,0.3682245468710833,0.3682245468710833,0.7699357224195826,0.8147764812321598,0.7923561018258712,7.326404571533203,144,12,5,64,0.0003567106690649258,0.0,1.9069994953070055,32,2,0.24430285401447394,32
0,12,0.5568276724923596,0.5568276724923596,0.7129590379789654,0.703612645563608,0.7082858417712867,6.746247053146362,72,6,5,64,0.00022688017519513644,1.7229439319869302e-06,1.4638151896892555,32,1,0.0641957322498814,64
0,13,0.7505054524739583,0.7505054524739583,0.6253416696038339,0.6254340475731994,0.6253878585885166,2.846848726272583,144,3,5,256,0.001943969238353244,4.3191134950628645e-06,1.0785921775589167,64,2,0.19949614999871457,128
0,14,0.5719485722173836,0.5719485722173836,0.6988208323366483,0.7012167832908693,0.7000188078137588,2.8731014728546143,144,6,5,256,0.00046440808904566134,0.0,0.12805179265268984,32,1,0.2942200572051755,32
0,15,0.3817541382529519,0.3817541382529519,0.7623366683834099,0.8072131768258348,0.7847749226046223,5.660431146621704,36,12,5,64,0.0001257646125588466,0.0,0.6608569781609974,64,2,0.3344888891481403,32
0,16,0.7506234741210938,0.7506234741210938,0.6349773587560568,0.616105190683286,0.6255412747196714,6.617070913314819,144,3,5,64,0.0014420423949072106,3.7258875470092987e-06,0.19386162845764665,256,2,0.2117893115099604,64
0,17,0.7069200998942057,0.7069200998942057,0.6487611208681967,0.6455983175798069,0.6471797192240019,5.743753910064697,144,3,5,64,0.000393296836715776,0.0003846073761565384,0.49731266784057127,64,2,0.07009114854738724,32
0,18,0.5457583836146763,0.5457583836146763,0.7181567234381638,0.7099577020345067,0.7140572127363353,4.750119686126709,72,6,5,64,0.00045139614118498705,4.476884987258068e-05,0.10117665904976247,32,1,0.4631834915040638,32
0,19,0.48640882952986797,0.48640882952986797,0.7413486086428934,0.7481444118253042,0.7447465102340989,4.926334381103516,36,6,5,128,0.0002068857979632027,1.4993609645381065e-06,0.7579462379538322,256,2,0.4632590367796667,64
0,20,0.5321274949648034,0.5321274949648034,0.7059892962558819,0.7343168707197504,0.7201530834878161,4.850814342498779,72,6,5,64,0.00019076652820351235,0.0,0.1169665840145988,32,2,0.02858263645374154,128
0,21,0.3408285921270197,0.3408285921270197,0.7862863818277734,0.829236750289127,0.8077615660584503,2.1512436866760254,72,12,5,64,0.002625348363594733,0.0,0.3716499219614464,32,1,0.20188777565913874,128
0,22,0.349760840920841,0.349760840920841,0.7797079434675048,0.825628613465109,0.8026682784663068,3.8271291255950928,36,12,5,256,0.00013215981766219066,4.9622743503278753e-05,0.6327396919534543,128,1,0.3348629873849146,64
0,23,0.5208191534228255,0.5208191534228255,0.7255336486513597,0.728114699125296,0.7268241738883279,3.843668222427368,36,6,5,64,0.0009821275752447609,0.0,0.6323543925437081,32,1,0.22914276130929306,128
0,24,0.7628699137369792,0.7628699137369792,0.6213943856016898,0.6171354401632467,0.6192649128824683,2.1157259941101074,36,3,5,256,0.00024645246675540655,0.00043912940675686665,1.7585404849690855,128,2,0.07887341617861598,128
1,0,0.3217858605206331,0.3217858605206331,0.7941150819021912,0.8424251143309397,0.8182700981165654,2.2128238677978516,72,12,5,256,0.001868426394677217,0.0,1.4414436387203893,128,2,0.05577608679793822,64
1,1,0.3341885722257237,0.3341885722257237,0.792273180951664,0.8309462435248587,0.8116097122382613,4.169997215270996,72,12,5,64,0.002625348363594733,0.0,0.3716499219614464,32,1,0.20188777565913874,128
1,2,0.5401331413890396,0.5401331413890396,0.7069723357267756,0.7255022309718857,0.7162372833493307,3.1179845333099365,36,6,5,256,0.001966713026065412,0.0,1.0011722261005966,64,1,0.05577608679793822,64
1,3,0.5865915754290225,0.5865915754290225,0.6865914425507214,0.6975938537280524,0.6920926481393869,4.392888069152832,144,6,5,64,0.002625348363594733,0.0,0.3716499219614464,32,1,0.03762193003688352,128
1,4,0.5117010567312407,0.5117010567312407,0.7263482261996219,0.7364306137885377,0.7313894199940798,5.99334979057312,72,6,5,64,0.00019076652820351235,0.0,0.1169665840145988,32,2,0.02858263645374154,128
1,5,0.3904575740589815,0.3904575740589815,0.7507127656479108,0.8083225781357123,0.7795176718918115,8.917622566223145,72,12,5,64,0.0001257646125588466,0.0,0.6608569781609974,64,2,0.3344888891481403,32
1,6,0.3132864778692072,0.3132864778692072,0.8062642221874585,0.840634037554973,0.8234491298712158,3.51335072517395,72,12,5,64,0.002625348363594733,5.4254126473815405e-06,0.9245204237022315,128,1,0.3423071254949373,32
1,7,0.3173810377477962,0.3173810377477962,0.8115452199253586,0.8316205098193308,0.8215828648723447,2.7297728061676025,72,12,5,256,0.001868426394677217,0.0,1.4414436387203893,128,2,0.05577608679793822,32
1,8,0.35247130572477126,0.35247130572477126,0.7785144178512526,0.8238217318828335,0.8011680748670431,3.165520429611206,72,12,5,256,0.000393296836715776,0.0003846073761565384,0.49731266784057127,64,2,0.07009114854738724,32
1,9,0.3278385534643489,0.3278385534643489,0.790528797425923,0.8392071512471884,0.8148679743365557,5.586199998855591,36,12,5,64,0.0001257646125588466,0.0,0.6608569781609974,128,1,0.3423071254949373,32
1,10,0.48915357296871087,0.48915357296871087,0.7404283159447222,0.746242729268424,0.7433355226065732,13.951633930206299,144,6,5,128,0.0001607869928374808,4.139347327126983e-05,1.4940276233045158,256,2,0.4919680113909257,32
1,11,0.40124986005976876,0.40124986005976876,0.7471331329179574,0.8000878132276938,0.7736104730728256,2.6031486988067627,36,12,5,256,0.00022688017519513644,1.7229439319869302e-06,1.4638151896892555,32,1,0.0641957322498814,64
1,12,0.5697147486525002,0.5697147486525002,0.6892143551622517,0.7119922151699924,0.7006032851661221,3.8530259132385254,144,6,5,64,0.002625348363594733,0.0,0.3716499219614464,32,1,0.20188777565913874,128
1,13,0.6813377207207266,0.6813377207207266,0.62401478282818,0.6594022963119321,0.6417085395700561,3.7929534912109375,144,6,5,128,0.0001607869928374808,0.0,0.12805179265268984,32,1,0.2942200572051755,32
1,14,0.4761602636327081,0.4761602636327081,0.683943669613833,0.7769418648399598,0.7304427672268964,1.6229729652404785,36,12,5,256,0.0001257646125588466,0.0,0.6608569781609974,64,2,0.3344888891481403,32
1,15,0.32535792672060393,0.32535792672060393,0.7950667960147069,0.8378043257587455,0.8164355608867262,2.523601531982422,72,12,5,256,0.001868426394677217,0.0,1.4414436387203893,64,1,0.16806477184919122,64
1,16,0.4812853244022629,0.4812853244022629,0.7479329256951671,0.7473578135806649,0.747645369637916,7.89853310585022,72,6,5,128,0.0001607869928374808,4.139347327126983e-05,1.4940276233045158,256,2,0.3344888891481403,32
1,17,0.48962329258428555,0.48962329258428555,0.7380424142550034,0.7479029932143701,0.7429727037346867,7.975415229797363,144,6,5,64,0.0018704814707313866,0.0,0.062059997761424235,256,1,0.3348629873849146,64
1,18,0.30459680021765395,0.30459680021765395,0.81272325552791,0.8440916228052321,0.828407439166571,9.475950956344604,144,12,5,64,0.0003567106690649258,5.4254126473815405e-06,0.9245204237022315,128,2,0.3423071254949373,32
1,19,0.5284853681862275,0.5284853681862275,0.7227186997255977,0.7230210280558961,0.7228698638907469,3.582886219024658,144,6,5,256,0.00013215981766219066,4.9622743503278753e-05,0.6327396919534543,128,1,0.3348629873849146,64
1,20,0.36727154573654747,0.36727154573654747,0.773670047801099,0.812471452240627,0.793070750020863,3.7156388759613037,72,12,5,256,0.001868426394677217,0.0,1.9069994953070055,32,2,0.24430285401447394,32
1,21,0.502428948640505,0.502428948640505,0.729664440967564,0.7426700523973537,0.7361672466824589,3.8040506839752197,144,6,5,64,0.0018704814707313866,3.5117174970833993e-06,0.6327396919534543,128,1,0.3348629873849146,64
1,22,0.34998355192296643,0.34998355192296643,0.7773583821116606,0.8274773561984798,0.8024178691550703,2.6223137378692627,72,12,5,256,0.00013215981766219066,4.9622743503278753e-05,0.6327396919534543,128,1,0.3348629873849146,64
1,23,0.5351505865242198,0.5351505865242198,0.720754633028498,0.7181617346686332,0.7194581838485656,6.703677177429199,72,6,5,64,0.00019076652820351235,0.0,0.1169665840145988,32,2,0.02858263645374154,128
1,24,0.5050055754678112,0.5050055754678112,0.7286109336887059,0.74105376997461,0.734832351831658,3.205723762512207,144,6,5,256,0.0008668419606834459,5.4254126473815405e-06,0.9245204237022315,128,1,0.19238365583725003,128
2,0,0.28862432490058126,0.28862432490058126,0.8231366802223455,0.8517411499558567,0.8374389150891011,9.79532527923584,144,12,5,64,0.0003567106690649258,5.4254126473815405e-06,0.9245204237022315,128,2,0.3423071254949373,32
2,1,0.3510682659353164,0.3510682659353164,0.7935893645704495,0.8119327131285561,0.8027610388495028,4.044339418411255,72,12,5,64,0.002625348363594733,5.4254126473815405e-06,0.9245204237022315,128,1,0.3423071254949373,32
2,2,0.3251282493060923,0.3251282493060923,0.7986812360815866,0.8348409294977487,0.8167610827896676,4.166514158248901,72,12,5,256,0.001868426394677217,0.0,1.4414436387203893,64,1,0.16806477184919122,32
2,3,0.32771386947223846,0.32771386947223846,0.7998124900016881,0.8311038006901196,0.8154581453459038,2.4593911170959473,72,12,5,256,0.001868426394677217,0.0,1.4414436387203893,64,1,0.05577608679793822,32
2,4,0.35136956199605196,0.35136956199605196,0.7807100100367074,0.8230389270846938,0.8018744685607007,3.0475504398345947,72,12,5,256,0.002625348363594733,0.0,0.3716499219614464,32,2,0.20188777565913874,128
2,5,0.31607105642716515,0.31607105642716515,0.8055047607679551,0.8383637309650451,0.8219342458665001,3.269953727722168,72,12,5,256,0.001868426394677217,0.0,1.4414436387203893,128,2,0.05577608679793822,64
2,6,0.31200408935546875,0.31200408935546875,0.8095576770653716,0.8390683236553587,0.8243130003603651,3.9324395656585693,72,12,5,256,0.001868426394677217,9.267545994071867e-06,1.4414436387203893,128,2,0.05577608679793822,64
2,7,0.3348768229153067,0.3348768229153067,0.8012552906453884,0.8222509369321751,0.8117531137887817,3.804417371749878,144,12,5,64,0.002625348363594733,5.4254126473815405e-06,0.9245204237022315,128,1,0.3423071254949373,32
2,8,0.4216396234889719,0.4216396234889719,0.7326020825479744,0.791420720877364,0.7620114017126692,9.065621852874756,36,12,5,64,0.0001257646125588466,0.0,0.6608569781609974,32,2,0.24430285401447394,32
2,9,0.3577677349355769,0.3577677349355769,0.7807130440731108,0.8162717755407772,0.798492409806944,2.5855712890625,72,12,5,64,0.002625348363594733,5.4254126473815405e-06,0.9245204237022315,128,1,0.0641957322498814,64
2,10,0.30068678524404924,0.30068678524404924,0.8206486309690811,0.8411951871289362,0.8309219090490086,5.151687145233154,36,12,5,64,0.0003567106690649258,5.4254126473815405e-06,0.9245204237022315,128,2,0.3423071254949373,32
2,11,0.32936589858111215,0.32936589858111215,0.7972724414465764,0.8316103683588606,0.8144414049027184,2.170004367828369,72,12,5,256,0.001868426394677217,0.0,1.4414436387203893,64,1,0.16806477184919122,64
2,12,0.3425908114183395,0.3425908114183395,0.7970343925607833,0.8178395407117414,0.8074369666362624,2.169240713119507,72,12,5,256,0.001868426394677217,0.0,1.9069994953070055,32,2,0.16806477184919122,64
2,13,0.583411007641471,0.583411007641471,0.6197521952968434,0.7204930036280659,0.6701225994624547,1.4531028270721436,72,12,5,256,0.0001257646125588466,0.0,0.6608569781609974,64,1,0.3344888891481403,32
2,14,0.32599772489007145,0.32599772489007145,0.8025218452980895,0.8305148283707057,0.8165183368343976,1.8004121780395508,72,12,5,256,0.001868426394677217,0.0,1.4414436387203893,64,2,0.03421037359077572,32
2,15,0.35239946268459055,0.35239946268459055,0.7862715824869171,0.8170166357774639,0.8016441091321904,6.0708911418914795,72,12,5,64,0.001868426394677217,0.0,1.4414436387203893,128,2,0.05577608679793822,32
2,16,0.30172545897131936,0.30172545897131936,0.8150984746893694,0.8450204004003047,0.830059437544837,2.251396894454956,72,12,5,256,0.001868426394677217,0.0005053918926300472,1.4414436387203893,128,1,0.3348629873849146,64
2,17,0.44023862668127817,0.44023862668127817,0.7703302798636292,0.7681028568083819,0.7692165683360055,7.597245693206787,72,6,5,128,0.000393296836715776,0.0003846073761565384,0.49731266784057127,256,2,0.07009114854738724,32
2,18,0.34054228328766034,0.34054228328766034,0.781025933025503,0.8342057771533735,0.8076158550894383,8.254003286361694,72,12,5,64,0.001868426394677217,0.0,1.9069994953070055,32,2,0.24430285401447394,32
2,19,0.4146186808213831,0.4146186808213831,0.7248071036082409,0.8057581819642468,0.7652826427862438,1.8508694171905518,72,12,5,256,0.00022688017519513644,1.7229439319869302e-06,1.4638151896892555,32,1,0.0641957322498814,64
2,20,0.31008796895889035,0.31008796895889035,0.8122103619540122,0.8387410833919089,0.8254757226729605,3.044114828109741,72,12,5,256,0.001868426394677217,0.0,1.4414436387203893,128,2,0.26828615413452955,64
2,21,0.38806947922324114,0.38806947922324114,0.7522850199289436,0.8094527100391539,0.7808688649840487,3.0700559616088867,72,12,5,256,0.000393296836715776,0.0003846073761565384,0.6608569781609974,64,2,0.3344888891481403,32
2,22,0.3050353208327676,0.3050353208327676,0.8103476382573613,0.845735324450211,0.8280414813537862,3.6187744140625,72,12,5,256,0.001868426394677217,0.0,1.4414436387203893,128,2,0.05577608679793822,64
2,23,0.3398239051594454,0.3398239051594454,0.7958565132486684,0.8218096704817838,0.808833091865226,3.2185306549072266,72,12,5,64,0.002625348363594733,5.4254126473815405e-06,0.9245204237022315,128,1,0.20188777565913874,128
2,24,0.34247646994769254,0.34247646994769254,0.7864739752543537,0.8273281400677172,0.8069010576610354,3.394566535949707,72,12,5,64,0.002625348363594733,0.0,0.3716499219614464,32,1,0.20188777565913874,128
3,0,0.27971313981448903,0.27971313981448903,0.8272619115686766,0.8575031342255427,0.8423825228971096,9.560290813446045,144,12,5,64,0.0003567106690649258,5.4254126473815405e-06,0.9245204237022315,128,2,0.3423071254949373,32
3,1,0.27460440849875384,0.27460440849875384,0.8334306095895925,0.8574323288822716,0.845431469235932,6.647521257400513,36,12,5,64,0.0003567106690649258,5.4254126473815405e-06,0.9245204237022315,128,2,0.3423071254949373,32
3,2,0.32364432187003883,0.32364432187003883,0.7988168076533666,0.8362895323700009,0.8175531700116838,5.029264450073242,144,12,5,256,0.001868426394677217,0.0,0.5307350166499467,128,2,0.26828615413452955,64
3,3,0.3366625818976744,0.3366625818976744,0.7931741693640468,0.8275313795682724,0.8103527744661596,3.287121057510376,144,12,5,64,0.002625348363594733,5.4254126473815405e-06,0.9245204237022315,128,2,0.05577608679793822,64
3,4,0.29936397776884194,0.29936397776884194,0.813036134293741,0.8493464586321112,0.8311912964629261,3.9087884426116943,72,12,5,256,0.001868426394677217,0.0005053918926300472,1.4414436387203893,128,1,0.3348629873849146,64
3,5,0.32281110630953375,0.32281110630953375,0.8118565639788932,0.8256034112249062,0.8187299876018996,5.467303037643433,72,12,5,256,0.001868426394677217,0.0,1.4414436387203893,128,2,0.05577608679793822,64
3,6,0.29856572686669663,0.29856572686669663,0.8184631493987089,0.845376323135551,0.83191973626713,2.9116172790527344,72,12,5,256,0.001868426394677217,0.0005053918926300472,1.4414436387203893,128,1,0.26828615413452955,64
3,7,0.31850958635462795,0.31850958635462795,0.8128712276628935,0.8292511096266877,0.8210611686447906,3.933894634246826,72,12,5,256,0.001868426394677217,0.0,1.4414436387203893,128,2,0.05577608679793822,64
3,8,0.3283441168739196,0.3283441168739196,0.7955968295340431,0.8341770245051757,0.8148869270196094,3.1125223636627197,72,12,5,64,0.001927048710263737,5.4254126473815405e-06,0.9245204237022315,128,2,0.37305588100285336,32
3,9,0.33507249189570626,0.33507249189570626,0.7867277525299959,0.8349308273746625,0.8108292899523293,3.4288110733032227,72,12,5,256,0.001868426394677217,0.0,1.4414436387203893,128,2,0.05577608679793822,64
3,10,0.3295512173902542,0.3295512173902542,0.7983816960993986,0.830430457516498,0.8144060768079483,3.985565662384033,72,12,5,256,0.001868426394677217,0.0,1.4414436387203893,128,2,0.05577608679793822,64
3,11,0.32581407883588004,0.32581407883588004,0.7994885103470506,0.8333997210670231,0.8164441157070368,2.7994861602783203,72,12,5,256,0.001868426394677217,0.0,1.4414436387203893,64,2,0.00937076829282285,32
3,12,0.3308111282593426,0.3308111282593426,0.7976222839051759,0.8297720432672745,0.8136971635862251,2.1638758182525635,72,12,5,256,0.001868426394677217,0.0,1.4414436387203893,128,1,0.20188777565913874,128
3,13,0.31706083777116584,0.31706083777116584,0.8066914872920689,0.8362645945357574,0.8214780409139131,2.5538628101348877,72,12,5,256,0.001868426394677217,0.0005053918926300472,1.4414436387203893,64,1,0.05577608679793822,32
3,14,0.3233636764281574,0.3233636764281574,0.7984966520758675,0.8368702267139234,0.8176834393948955,2.875990629196167,72,12,5,256,0.001868426394677217,9.267545994071867e-06,1.4414436387203893,128,2,0.05577608679793822,64
3,15,0.31161904972504806,0.31161904972504806,0.8143112943007063,0.8352586616309705,0.8247849779658384,4.589588165283203,72,12,5,256,0.001868426394677217,0.0,1.4414436387203893,128,2,0.26828615413452955,64
3,16,0.3006021938221977,0.3006021938221977,0.8135336489869726,0.8475960345974258,0.8305648417921991,2.87019419670105,72,12,5,256,0.001868426394677217,0.0005053918926300472,1.4414436387203893,128,1,0.20188777565913874,128
3,17,0.3094092384379178,0.3094092384379178,0.811186560088641,0.840366836208976,0.8257766981488085,2.9074063301086426,72,12,5,256,0.001868426394677217,9.267545994071867e-06,1.4414436387203893,128,2,0.3423071254949373,32
3,18,0.32733061479374687,0.32733061479374687,0.8061458459870636,0.8258909340128949,0.8160183899999793,1.3265016078948975,72,12,5,256,0.001868426394677217,0.0,1.4414436387203893,64,1,0.05577608679793822,32
3,19,0.3211697869122347,0.3211697869122347,0.7987891155393387,0.8389303001417768,0.8188597078405577,3.2568092346191406,72,12,5,256,0.001868426394677217,0.0005053918926300472,1.4414436387203893,64,1,0.05577608679793822,32
3,20,0.3033982445211971,0.3033982445211971,0.8149600009517506,0.8433746634161035,0.829167332183927,3.196972131729126,72,12,5,256,0.001868426394677217,0.0,1.4414436387203893,128,2,0.05577608679793822,64
3,21,0.30707935598444813,0.30707935598444813,0.8170093250187147,0.8376649275764283,0.8273371262975715,1.513486623764038,72,12,5,256,0.001868426394677217,0.0,1.4414436387203893,128,2,0.05577608679793822,64
3,22,0.34200885589110025,0.34200885589110025,0.7886359647179204,0.825904727378557,0.8072703460482387,1.432875633239746,72,12,5,256,0.001868426394677217,0.0,0.3716499219614464,32,1,0.20188777565913874,128
3,23,0.2943125944086575,0.2943125944086575,0.815987256051599,0.8520692119782395,0.8340282340149192,1.1435308456420898,72,12,5,256,0.001868426394677217,0.0005053918926300472,1.4414436387203893,128,1,0.3348629873849146,64
3,24,0.29574571191308335,0.29574571191308335,0.8212694780493853,0.8458683966322519,0.8335689373408186,3.9556822776794434,72,12,5,64,0.0003567106690649258,5.4254126473815405e-06,0.9245204237022315,128,2,0.3423071254949373,32
4,0,0.2897420758232076,0.2897420758232076,0.8195459397842698,0.8537445954768252,0.8366452676305476,5.015310049057007,36,12,5,64,0.0003567106690649258,5.4254126473815405e-06,0.9245204237022315,128,2,0.3423071254949373,32
4,1,0.3129713242066735,0.3129713242066735,0.8092962149161815,0.8382776701454007,0.8237869425307911,8.405344009399414,144,12,5,64,0.0003567106690649258,5.4254126473815405e-06,0.9245204237022315,128,2,0.3423071254949373,32
4,2,0.2884649248684154,0.2884649248684154,0.8271472482799418,0.8483520578280189,0.8377496530539803,6.3035361766815186,36,12,5,64,0.0004169972913262464,5.4254126473815405e-06,0.9245204237022315,128,2,0.3423071254949373,128
4,3,0.29689574624127885,0.29689574624127885,0.8144437865644932,0.8507073147087935,0.8325755506366433,2.6962296962738037,72,12,5,256,0.001868426394677217,0.0005053918926300472,1.4414436387203893,128,1,0.26828615413452955,64
4,4,0.3142424369240827,0.3142424369240827,0.8061440295701445,0.8397299643881785,0.8229369969791616,6.226984739303589,144,12,5,64,0.0003567106690649258,0.0005053918926300472,1.4414436387203893,64,1,0.05577608679793822,32
4,5,0.2837649054705778,0.2837649054705778,0.8257409942028711,0.8545685672666545,0.8401547807347628,3.8344764709472656,72,12,5,256,0.001868426394677217,0.0005053918926300472,0.3989396674303767,128,2,0.05577608679793822,64
4,6,0.3252231832494073,0.3252231832494073,0.7937268476785764,0.8391353824181602,0.8164311150483683,5.293919801712036,144,12,5,64,0.0003567106690649258,5.4254126473815405e-06,1.4414436387203893,128,1,0.20188777565913874,128
4,7,0.2943369309532451,0.2943369309532451,0.8223477492438465,0.8464013463275726,0.8343745477857095,3.5103087425231934,72,12,5,256,0.001868426394677217,0.0005053918926300472,1.4414436387203893,128,1,0.3348629873849146,64
4,8,0.3278792376186758,0.3278792376186758,0.7916858315237918,0.8381377900687763,0.814911810796284,4.741634845733643,144,12,5,64,0.0003567106690649258,5.4254126473815405e-06,0.9245204237022315,64,1,0.05577608679793822,32
4,9,0.3073753724123705,0.3073753724123705,0.8097770647346583,0.8437674234400073,0.8267722440873329,4.601653814315796,144,12,5,64,0.0003567106690649258,5.4254126473815405e-06,1.4414436387203893,128,1,0.3348629873849146,64
4,10,0.2861866237007998,0.2861866237007998,0.8233969733179669,0.8540875064373222,0.8387422398776445,6.246912002563477,36,12,5,64,0.0003567106690649258,5.4254126473815405e-06,0.9245204237022315,128,2,0.3348629873849146,64
4,11,0.29260458920728716,0.29260458920728716,0.8170270022157644,0.852952657844774,0.8349898300302692,3.009897470474243,72,12,5,256,0.001868426394677217,0.0005053918926300472,1.4414436387203893,128,1,0.3348629873849146,64
4,12,0.2950248616264466,0.2950248616264466,0.8146725856146703,0.8524823364631209,0.8335774610388955,1.4712958335876465,72,12,5,256,0.001868426394677217,0.0005053918926300472,1.4414436387203893,128,1,0.3423071254949373,32
4,13,0.2923574294635956,0.2923574294635956,0.8202150605723993,0.8503859786551368,0.835300519613768,1.5866303443908691,72,12,5,256,0.001868426394677217,0.0005053918926300472,1.4414436387203893,128,1,0.3348629873849146,64
4,14,0.2953676539946367,0.2953676539946367,0.8141917849431071,0.852546421016627,0.8333691029798671,2.072206735610962,72,12,5,256,0.001868426394677217,0.0005053918926300472,1.4414436387203893,128,1,0.3348629873849146,64
4,15,0.2957402805593562,0.2957402805593562,0.8188689238946001,0.8480035784755692,0.8334362511850846,2.4752795696258545,72,12,5,256,0.001868426394677217,0.0005053918926300472,1.4414436387203893,128,1,0.26828615413452955,128
4,16,0.3158778532303591,0.3158778532303591,0.8090333743667005,0.8354378995086977,0.8222356369376991,3.6388063430786133,72,12,5,256,0.001868426394677217,9.267545994071867e-06,1.4414436387203893,128,2,0.05577608679793822,64
4,17,0.3312943504455893,0.3312943504455893,0.7898319275540142,0.8361716802669567,0.8130018039104854,1.690032720565796,72,12,5,256,0.001868426394677217,0.0005053918926300472,1.4414436387203893,64,1,0.05577608679793822,32
4,18,0.3017500709084904,0.3017500709084904,0.8113952566294795,0.8482793379184648,0.8298372972739722,1.287008285522461,72,12,5,256,0.002490138285468897,0.0005053918926300472,1.4414436387203893,128,1,0.20188777565913874,128
4,19,0.2856165699780306,0.2856165699780306,0.823394100012163,0.8546927373452335,0.8390434186786982,6.569169759750366,72,12,5,64,0.0003567106690649258,5.4254126473815405e-06,0.9245204237022315,128,2,0.3423071254949373,32
4,20,0.28363420364053493,0.28363420364053493,0.8284469299520145,0.8523064415286591,0.8403766857403367,7.609472990036011,72,12,5,64,0.0003567106690649258,5.4254126473815405e-06,0.9245204237022315,128,2,0.0685181867837602,32
4,21,0.2996715708849902,0.2996715708849902,0.8139603648438277,0.8482013928451917,0.8310808788445097,1.426680564880371,72,12,5,256,0.001868426394677217,0.0005053918926300472,1.4414436387203893,128,1,0.26828615413452955,64
4,22,0.2908260108315371,0.2908260108315371,0.8202075264502002,0.8520117517632918,0.836109639106746,6.930816173553467,36,12,5,64,0.0003567106690649258,5.4254126473815405e-06,0.9245204237022315,128,2,0.3423071254949373,32
4,23,0.2990172381069571,0.2990172381069571,0.8129727114665762,0.8497693236063897,0.831371017536483,2.3175535202026367,72,12,5,256,0.001868426394677217,0.0005053918926300472,1.4414436387203893,128,2,0.37305588100285336,32
4,24,0.2911705218534419,0.2911705218534419,0.8221001688936584,0.8499686255124891,0.8360343972030737,6.33042311668396,144,12,5,64,0.0003567106690649258,5.4254126473815405e-06,0.9245204237022315,128,2,0.26828615413452955,64
5,0,0.2754371331974784,0.2754371331974784,0.8302265361095659,0.8593941308815157,0.8448103334955408,4.274619102478027,72,12,5,64,0.0003567106690649258,5.4254126473815405e-06,0.9245204237022315,128,2,0.0685181867837602,32
5,1,0.29574956230938754,0.29574956230938754,0.8189753079071634,0.8478993903347745,0.833437349120969,2.885829448699951,72,12,5,256,0.001868426394677217,0.0005053918926300472,0.3989396674303767,128,2,0.05577608679793822,64
5,2,0.3053760222572694,0.3053760222572694,0.820387787220851,0.8364688879561138,0.8284283375884824,3.318143844604492,72,12,5,256,0.001868426394677217,5.4254126473815405e-06,0.9245204237022315,128,2,0.3423071254949373,32
5,3,0.29650370959929606,0.29650370959929606,0.8187957366472585,0.847261352522722,0.8330285445849903,3.997600555419922,36,12,5,64,0.0003567106690649258,1.7261888539429147e-06,0.9245204237022315,128,1,0.20188777565913874,128
5,4,0.30645745833289817,0.30645745833289817,0.8045276488463602,0.849394436194739,0.8269610425205496,5.293619155883789,72,12,5,256,0.001868426394677217,0.0005053918926300472,1.4414436387203893,128,1,0.3348629873849146,64
5,5,0.31131115571700313,0.31131115571700313,0.8136306851116397,0.8361879533819442,0.824909319246792,10.136103630065918,36,12,5,64,0.0003567106690649258,5.4254126473815405e-06,0.9245204237022315,128,2,0.3423071254949373,32
5,6,0.31329886288566383,0.31329886288566383,0.8091791131981373,0.8380352733423251,0.8236071932702311,2.4848451614379883,72,12,5,256,0.001868426394677217,5.4254126473815405e-06,0.9245204237022315,128,2,0.3423071254949373,32
5,7,0.28788004584490934,0.28788004584490934,0.8288281702460725,0.8474793397642909,0.8381537550051816,6.507779598236084,36,12,5,64,0.0003567106690649258,5.4254126473815405e-06,0.9245204237022315,128,2,0.3423071254949373,32
5,8,0.28958082964076076,0.28958082964076076,0.8180729185597129,0.855221744536607,0.83664733154816,12.424537897109985,72,12,5,64,0.0003567106690649258,5.4254126473815405e-06,0.9245204237022315,128,2,0.3348629873849146,64
5,9,0.27870320381327746,0.27870320381327746,0.8322723668316709,0.8541263224576541,0.8431993446446625,6.4779322147369385,36,12,5,64,0.0003567106690649258,5.4254126473815405e-06,0.9245204237022315,128,2,0.3423071254949373,32
5,10,0.3007156249673609,0.3007156249673609,0.8137596305410457,0.847275655243595,0.8305176428923204,2.3706858158111572,72,12,5,256,0.001868426394677217,0.0005053918926300472,1.4414436387203893,128,1,0.37305588100285336,32
5,11,0.2858496643005208,0.2858496643005208,0.81533493295468,0.8615952523085846,0.8384650926316323,5.169612646102905,36,12,5,64,0.0004169972913262464,5.4254126473815405e-06,0.9245204237022315,128,2,0.3423071254949373,128
5,12,0.3387984107522404,0.3387984107522404,0.7858769801745621,0.8317463094749351,0.8088116448247487,1.71248459815979,72,12,5,256,0.00032278319174142844,0.0005053918926300472,1.4414436387203893,128,1,0.3348629873849146,64
5,13,0.3125669471720323,0.3125669471720323,0.8038061198435746,0.8435752385672708,0.8236906792054227,3.8703439235687256,36,12,5,64,0.0004169972913262464,5.4254126473815405e-06,0.9245204237022315,64,1,0.05577608679793822,32
5,14,0.2811092769398409,0.2811092769398409,0.8265026370473684,0.8567005985879572,0.8416016178176629,4.977334022521973,72,12,5,64,0.0004169972913262464,5.4254126473815405e-06,0.9245204237022315,128,2,0.3423071254949373,128
5,15,0.28432723672632226,0.28432723672632226,0.8262150022773495,0.8535535714457121,0.8398842868615308,4.500280857086182,72,12,5,256,0.001868426394677217,0.0005053918926300472,1.4414436387203893,256,1,0.26828615413452955,128
5,16,0.29007746446578897,0.29007746446578897,0.8196113778041092,0.8533319728952732,0.8364716753496912,3.026412010192871,72,12,5,256,0.001868426394677217,0.0005053918926300472,0.3989396674303767,128,2,0.05577608679793822,64
5,17,0.30249786376953125,0.30249786376953125,0.8182089088806981,0.8414446090331289,0.8298267589569135,6.606903553009033,72,12,5,64,0.0003567106690649258,5.4254126473815405e-06,0.9245204237022315,128,1,0.26828615413452955,128
5,18,0.28162999204135836,0.28162999204135836,0.8252483243623999,0.8572627293086318,0.8412555268355159,6.641932964324951,36,12,5,64,0.0004169972913262464,5.4254126473815405e-06,0.9245204237022315,128,2,0.05577608679793822,64
5,19,0.29539241892768736,0.29539241892768736,0.8136725784585073,0.8529808217836439,0.8333267001210756,3.3191637992858887,72,12,5,256,0.001868426394677217,0.0005053918926300472,0.3989396674303767,128,2,0.05577608679793822,64
5,20,0.35188043563761173,0.35188043563761173,0.7736478725667479,0.8287633360698424,0.8012056043182951,4.199267148971558,72,12,5,256,0.0003567106690649258,5.4254126473815405e-06,0.9245204237022315,128,2,0.26828615413452955,64
5,21,0.2930101200858539,0.2930101200858539,0.8179509737842509,0.8517043145146741,0.8348276441494624,3.1548349857330322,72,12,5,256,0.001868426394677217,0.0005053918926300472,0.9245204237022315,128,2,0.3423071254949373,32
5,22,0.30037088190170536,0.30037088190170536,0.8122959687058957,0.8489384897092034,0.8306172292075495,5.547821760177612,144,12,5,64,0.0003567106690649258,0.0005053918926300472,1.4414436387203893,128,1,0.3348629873849146,64
5,23,0.31023646675966643,0.31023646675966643,0.8125197146891188,0.8383096489930005,0.8254146818410597,1.540590763092041,72,12,5,256,0.001868426394677217,1.3170494401490941e-05,0.3989396674303767,128,2,0.05577608679793822,64
5,24,0.27631854628496627,0.27631854628496627,0.8373011124415766,0.852186703301715,0.8447439078716458,5.969117164611816,72,12,5,64,0.0003567106690649258,5.4254126473815405e-06,0.9245204237022315,128,2,0.0685181867837602,32
6,0,0.28203153865222624,0.28203153865222624,0.8368484148969644,0.8465482017221442,0.8416983083095543,11.986333847045898,72,12,5,64,0.0003567106690649258,5.4254126473815405e-06,0.9245204237022315,128,2,0.0685181867837602,32
6,1,0.27821140620797713,0.27821140620797713,0.8312975487554962,0.8555109877467139,0.843404268251105,4.280862092971802,72,12,5,64,0.0003567106690649258,5.4254126473815405e-06,0.9245204237022315,128,2,0.0685181867837602,32
6,2,0.2923377503685773,0.2923377503685773,0.8235898493429062,0.8474131582799931,0.8355015038114497,9.102937459945679,72,12,5,64,0.0003567106690649258,5.4254126473815405e-06,0.9245204237022315,128,2,0.3423071254949373,32
6,3,0.292961707089674,0.292961707089674,0.8211489748937917,0.8489186675109515,0.8350338212023716,4.874138593673706,72,12,5,64,0.0003567106690649258,5.4254126473815405e-06,0.9245204237022315,128,2,0.3423071254949373,32
6,4,0.27621078618707506,0.27621078618707506,0.8278741493860247,0.8606628902206588,0.8442685198033417,9.807150602340698,72,12,5,64,0.0003567106690649258,5.4254126473815405e-06,0.9245204237022315,128,2,0.0685181867837602,64
6,5,0.28536178466470485,0.28536178466470485,0.829414868542411,0.8496213170395521,0.8395180927909816,3.7554574012756348,72,12,5,256,0.001868426394677217,0.0005053918926300472,0.9245204237022315,128,2,0.3423071254949373,32
6,6,0.29414063213980773,0.29414063213980773,0.8233498618651162,0.8457199398011785,0.8345349008331473,11.486837148666382,72,12,5,64,0.0003567106690649258,5.4254126473815405e-06,0.9245204237022315,128,2,0.3348629873849146,64
6,7,0.28466390925932694,0.28466390925932694,0.8259302709058286,0.8534501946632969,0.8396902327845628,2.512380361557007,72,12,5,256,0.001868426394677217,0.0005053918926300472,0.9245204237022315,128,2,0.05577608679793822,64
6,8,0.2892812879327784,0.2892812879327784,0.8253432724942691,0.8490892038870513,0.8372162381906603,7.072330713272095,72,12,5,64,0.0003567106690649258,5.4254126473815405e-06,0.9245204237022315,128,2,0.3423071254949373,32
6,9,0.27281870178997836,0.27281870178997836,0.8341626903419147,0.8586708612847885,0.8464167758133516,7.637537479400635,36,12,5,64,0.0003567106690649258,5.4254126473815405e-06,0.9245204237022315,256,1,0.1978459892132029,128
6,10,0.29669240451751544,0.29669240451751544,0.8162545896577452,0.8493160081124669,0.8327852988851061,2.9610323905944824,72,12,5,256,0.001868426394677217,0.0005053918926300472,0.9245204237022315,128,2,0.3423071254949373,32
6,11,0.2856098725833995,0.2856098725833995,0.8262252663618788,0.8521884136167367,0.8392068399893078,7.466828346252441,36,12,5,64,0.0003567106690649258,0.0006744111568515075,0.9245204237022315,128,2,0.3348629873849146,64
6,12,0.26746837595567347,0.26746837595567347,0.8381257349672433,0.8608120180497664,0.8494688765085048,4.2233991622924805,36,12,5,64,0.0004169972913262464,5.4254126473815405e-06,0.9245204237022315,128,2,0.05577608679793822,64
6,13,0.30452064269366746,0.30452064269366746,0.8173805206818259,0.8400408629108236,0.8287106917963247,4.553539514541626,72,12,5,256,0.001868426394677217,5.4254126473815405e-06,0.9245204237022315,128,2,0.3423071254949373,32
6,14,0.29777231700917617,0.29777231700917617,0.8202429787652898,0.8446363449587101,0.832439661862,5.597897052764893,72,12,5,64,0.0003567106690649258,5.4254126473815405e-06,0.9245204237022315,128,2,0.3423071254949373,32
6,15,0.28201500362253445,0.28201500362253445,0.8221478092554408,0.8596060135545811,0.840876911405011,6.952574729919434,36,12,5,64,0.0003567106690649258,5.4254126473815405e-06,0.9245204237022315,128,2,0.05577608679793822,64
6,16,0.29753787759791084,0.29753787759791084,0.8211257208877422,0.8441011600577454,0.8326134404727438,5.646591901779175,72,12,5,64,0.0004169972913262464,5.4254126473815405e-06,0.9245204237022315,128,2,0.3070534686859599,128
6,17,0.32551032081644804,0.32551032081644804,0.7965284479828942,0.8363466257170875,0.8164375368499909,3.924407720565796,72,12,5,256,0.0003567106690649258,5.4254126473815405e-06,0.9245204237022315,128,2,0.0685181867837602,32
6,18,0.30266379290086065,0.30266379290086065,0.8110725901172382,0.8475995298873112,0.8293360600022748,3.3589982986450195,72,12,5,256,0.001868426394677217,0.0005053918926300472,0.3989396674303767,128,2,0.05577608679793822,64
6,19,0.29183417335551054,0.29183417335551054,0.8211538974573029,0.8501063818807221,0.8356301396690125,2.931717872619629,72,12,5,256,0.001868426394677217,0.0005053918926300472,1.4414436387203893,128,2,0.05577608679793822,64
6,20,0.2803695214623436,0.2803695214623436,0.8323000662441531,0.8523400386881138,0.8423200524661334,4.553452491760254,72,12,5,64,0.0003567106690649258,5.4254126473815405e-06,0.9245204237022315,128,2,0.0685181867837602,32
6,21,0.28718203146827415,0.28718203146827415,0.8276404470829561,0.8492708952281183,0.8384556711555372,3.174260139465332,72,12,5,64,0.0003567106690649258,5.4254126473815405e-06,0.9245204237022315,128,2,0.3423071254949373,32
6,22,0.2870422506077404,0.2870422506077404,0.8255363181856071,0.8512851657970769,0.838410741991342,7.127211332321167,72,12,5,64,0.0003567106690649258,5.4254126473815405e-06,0.9245204237022315,128,2,0.3423071254949373,128
6,23,0.28471617647670805,0.28471617647670805,0.8277956767304058,0.8517402181400316,0.8397679474352187,2.5619215965270996,36,12,5,64,0.0004169972913262464,5.4254126473815405e-06,0.9245204237022315,128,2,0.3423071254949373,64
6,24,0.2957913850080521,0.2957913850080521,0.8180305504818459,0.8486932490729697,0.8333618997774078,3.6523215770721436,72,12,5,64,0.0004169972913262464,5.4254126473815405e-06,0.9245204237022315,128,2,0.3423071254949373,128
7,0,0.2852608481830454,0.2852608481830454,0.8216244268456969,0.8566386250765256,0.8391315259611112,5.482662916183472,36,12,5,64,0.0004169972913262464,5.4254126473815405e-06,0.9245204237022315,128,2,0.05577608679793822,64
7,1,0.27288689715339537,0.27288689715339537,0.8350021466685129,0.8578541177988224,0.8464281322336676,13.346216440200806,36,12,5,64,0.0003567106690649258,5.4254126473815405e-06,0.9245204237022315,256,1,0.1978459892132029,128
7,2,0.30485608233487543,0.30485608233487543,0.8125218155659462,0.8439961922725973,0.8282590039192717,5.015699625015259,72,12,5,64,0.0003567106690649258,5.4254126473815405e-06,0.9245204237022315,128,2,0.0685181867837602,32
7,3,0.2834560348388345,0.2834560348388345,0.8354481371060567,0.8462843213714903,0.8408662292387735,4.494659185409546,36,12,5,64,0.0004169972913262464,5.4254126473815405e-06,0.9245204237022315,128,2,0.0685181867837602,64
7,4,0.31067587602584756,0.31067587602584756,0.7953872437544199,0.853042603574941,0.8242149236646805,3.6303842067718506,36,12,5,64,0.0003567106690649258,0.0006744111568515075,0.9245204237022315,128,1,0.1978459892132029,128
7,5,0.27888486857082756,0.27888486857082756,0.8348278156303193,0.851667414025699,0.8432476148280091,6.051632404327393,72,12,5,64,0.0003567106690649258,5.4254126473815405e-06,0.9536134165218282,128,2,0.05577608679793822,128
7,6,0.28270796148534766,0.28270796148534766,0.8294160621346052,0.8524260191624278,0.8409210406485165,5.623861074447632,72,12,5,64,0.0003567106690649258,5.4254126473815405e-06,0.9245204237022315,128,2,0.0685181867837602,32
7,7,0.2744097913650268,0.2744097913650268,0.8352371176006523,0.8560356007823942,0.8456363591915232,9.35161828994751,72,12,5,64,0.0004169972913262464,5.4254126473815405e-06,0.9245204237022315,128,2,0.05577608679793822,64
7,8,0.2658773437540799,0.2658773437540799,0.8390960949300905,0.861633369021339,0.8503647319757148,8.325306415557861,72,12,5,64,0.0003567106690649258,5.4254126473815405e-06,1.694140041744789,128,2,0.0685181867837602,32
7,9,0.2779899331975111,0.2779899331975111,0.8349455912614054,0.8525091110473457,0.8437273511543756,2.394508123397827,72,12,5,256,0.001868426394677217,0.0005053918926300472,0.9245204237022315,256,1,0.1978459892132029,128
7,10,0.7001051788330078,0.7001051788330078,0.6508673098772875,0.6502386280439916,0.6505529689606395,4.5542614459991455,36,3,5,64,0.0003567106690649258,5.4254126473815405e-06,0.9245204237022315,128,2,0.0685181867837602,64
7,11,0.27823156341511934,0.27823156341511934,0.8382197959537533,0.8493492178611703,0.8437845069074619,7.606152534484863,72,12,5,64,0.0003567106690649258,5.4254126473815405e-06,0.9245204237022315,128,2,0.0685181867837602,64
7,12,0.27192422285436946,0.27192422285436946,0.8305408823875896,0.8628292938466285,0.8466850881171091,9.211446285247803,36,12,5,64,0.0003567106690649258,5.4254126473815405e-06,0.9245204237022315,256,1,0.1978459892132029,32
7,13,0.26412942320267785,0.26412942320267785,0.8391039868820813,0.8634743380231987,0.85128916245264,7.536319255828857,36,12,5,64,0.0003567106690649258,5.4254126473815405e-06,0.9245204237022315,128,2,0.0685181867837602,32
7,14,0.33049675997565775,0.33049675997565775,0.797007860436002,0.8306494602974771,0.8138286603667395,3.4018375873565674,36,12,5,64,0.0018551874023714494,0.0,0.9245204237022315,128,2,0.05577608679793822,128
7,15,0.27729049468422956,0.27729049468422956,0.8234891628389392,0.8634111246370109,0.8434501437379751,7.9564361572265625,72,12,5,64,0.0003567106690649258,5.4254126473815405e-06,0.9245204237022315,128,2,0.05577608679793822,64
7,16,0.2706226053084919,0.2706226053084919,0.8328589472197122,0.8621491710508943,0.8475040591353032,6.2615742683410645,72,12,5,64,0.0003567106690649258,5.4254126473815405e-06,0.9245204237022315,128,2,0.0685181867837602,64
7,17,0.3041672005372889,0.3041672005372889,0.8202414653755424,0.8378767071006195,0.8290590862380809,4.794038534164429,36,12,5,64,0.0009352279722552706,5.4254126473815405e-06,0.9245204237022315,128,2,0.05577608679793822,64
7,18,0.2839000594807181,0.2839000594807181,0.8239685921309372,0.8559978965468225,0.8399832443388798,6.583982229232788,36,12,5,64,0.0003567106690649258,5.4254126473815405e-06,0.9245204237022315,256,1,0.1978459892132029,128
7,19,0.27737505805683643,0.27737505805683643,0.834574993046536,0.8534879295323332,0.8440314612894346,5.664586782455444,72,12,5,64,0.0003567106690649258,5.4254126473815405e-06,0.9245204237022315,128,2,0.05577608679793822,64
7,20,0.265261332618999,0.265261332618999,0.8378625505698435,0.8633788654162126,0.850620707993028,4.083504676818848,36,12,5,64,0.0003567106690649258,5.4254126473815405e-06,0.9245204237022315,128,2,0.0685181867837602,32
7,21,0.3157332007260246,0.3157332007260246,0.8119532301315103,0.833000776263606,0.8224770031975581,1.7288293838500977,72,12,5,256,0.001868426394677217,5.4254126473815405e-06,0.9245204237022315,256,1,0.1978459892132029,128
7,22,0.2765474077214532,0.2765474077214532,0.8257191891354567,0.8622185696341926,0.8439688793848247,7.435105085372925,72,12,5,64,0.0003567106690649258,5.4254126473815405e-06,0.9245204237022315,128,2,0.0685181867837602,32
7,23,0.2936038817951386,0.2936038817951386,0.8249609624611842,0.8448582846540845,0.8349096235576343,3.756422519683838,36,12,5,64,0.0003567106690649258,5.4254126473815405e-06,0.9245204237022315,128,2,0.3423071254949373,32
7,24,0.2772620247009604,0.2772620247009604,0.8313383784986519,0.8564784996923211,0.8439084390954865,7.691890716552734,72,12,5,64,0.0003567106690649258,5.4254126473815405e-06,0.9245204237022315,256,1,0.1978459892132029,128
8,0,0.2672017755355427,0.2672017755355427,0.8371016656250999,0.8620022955876196,0.8495519806063598,5.572660684585571,36,12,5,64,0.0003567106690649258,5.4254126473815405e-06,0.9245204237022315,128,2,0.0685181867837602,32
8,1,0.2718349701580517,0.2718349701580517,0.8410890602824612,0.8535668026933266,0.8473279314878939,6.196345090866089,36,12,5,64,0.0003567106690649258,5.4254126473815405e-06,0.9245204237022315,128,2,0.0685181867837602,32
8,2,0.3078929166742825,0.3078929166742825,0.8153905285040406,0.8382407787549737,0.8268156536295072,3.3220701217651367,72,12,5,256,0.001868426394677217,5.4254126473815405e-06,0.9245204237022315,128,2,0.05577608679793822,64
8,3,0.28031166097059607,0.28031166097059607,0.8305730474773463,0.8539331729322479,0.8422531102047971,7.018923997879028,72,12,5,64,0.0003567106690649258,5.4254126473815405e-06,0.9245204237022315,128,2,0.0685181867837602,32
8,4,0.3465738551501922,0.3465738551501922,0.7749835568449581,0.8331888734432514,0.8040862151441048,8.544863224029541,36,12,5,64,0.0003567106690649258,5.4254126473815405e-06,0.9245204237022315,32,2,0.0685181867837602,128
8,5,0.2967461570698947,0.2967461570698947,0.8130455705427992,0.8521057694921248,0.832575670017462,3.8348867893218994,36,12,5,256,0.0003567106690649258,5.4254126473815405e-06,0.9245204237022315,256,1,0.1978459892132029,32
8,6,0.27262254322276397,0.27262254322276397,0.8327356010487341,0.8601441622044445,0.8464398816265892,5.170919895172119,72,12,5,64,0.0003567106690649258,5.4254126473815405e-06,0.9245204237022315,128,2,0.0685181867837602,64
8,7,0.30007060453853507,0.30007060453853507,0.8142597728014183,0.8475139303723028,0.8308868515868606,5.349165678024292,72,12,5,64,0.0003567106690649258,5.4254126473815405e-06,0.9245204237022315,128,1,0.1978459892132029,128
8,8,0.27272820472717285,0.27272820472717285,0.8301617374279266,0.8623156280620589,0.8462386827449928,12.532298564910889,72,12,5,64,0.0003567106690649258,5.4254126473815405e-06,0.9245204237022315,256,1,0.1978459892132029,32
8,9,0.2748826659299473,0.2748826659299473,0.8341686638061832,0.8564834472952048,0.845326055550694,8.690586566925049,72,12,5,64,0.0003567106690649258,5.4254126473815405e-06,0.9245204237022315,128,2,0.0685181867837602,32
8,10,0.2754013423613686,0.2754013423613686,0.8363945264293111,0.8539606021430515,0.8451775642861813,8.638192176818848,72,12,5,64,0.0003567106690649258,5.4254126473815405e-06,0.9245204237022315,128,2,0.0685181867837602,32
8,11,0.28764504417378634,0.28764504417378634,0.837483008847954,0.8400504326009283,0.8387667207244411,5.8392744064331055,36,12,5,64,0.0003567106690649258,5.4254126473815405e-06,0.9245204237022315,128,2,0.0685181867837602,128
8,12,0.2692900264964384,0.2692900264964384,0.8340455020566877,0.8625055061219327,0.8482755040893102,8.004759311676025,36,12,5,64,0.0003567106690649258,5.4254126473815405e-06,0.34166438338444616,256,1,0.1978459892132029,32
8,13,0.2858475491324848,0.2858475491324848,0.8136840973198703,0.8630618796035352,0.8383729884617028,5.388172149658203,72,12,5,64,0.0004462209178142067,5.4254126473815405e-06,0.9245204237022315,128,2,0.0685181867837602,32
8,14,0.33003874386058135,0.33003874386058135,0.7966980400364615,0.8314085281645607,0.814053284100511,3.471496820449829,72,12,5,256,0.0003567106690649258,5.4254126473815405e-06,0.9536134165218282,128,2,0.05577608679793822,128
8,15,0.35623168180333104,0.35623168180333104,0.7832597697946068,0.8156366779863672,0.799448223890487,5.5097267627716064,36,12,5,64,0.0003567106690649258,5.4254126473815405e-06,0.9245204237022315,32,2,0.0685181867837602,128
8,16,0.28859638147813116,0.28859638147813116,0.8234545872599814,0.8514886981076628,0.8374716426838221,7.853710174560547,36,12,5,64,0.0003567106690649258,5.4254126473815405e-06,1.4008242431738662,256,1,0.1978459892132029,128
8,17,0.2721450163081368,0.2721450163081368,0.8308434360772805,0.8623274951956199,0.8465854656364502,9.585675477981567,72,12,5,64,0.0003567106690649258,5.4254126473815405e-06,0.9245204237022315,128,2,0.0685181867837602,64
8,18,0.3053176339297371,0.3053176339297371,0.8145884964906139,0.8416749269159375,0.8281317117032757,4.344955921173096,72,12,5,128,0.0003567106690649258,5.4254126473815405e-06,0.9245204237022315,128,2,0.0685181867837602,32
8,19,0.27725205829436766,0.27725205829436766,0.8351762669197604,0.8530845975257364,0.8441304322227484,7.287770509719849,72,12,5,64,0.0003567106690649258,5.4254126473815405e-06,0.9245204237022315,256,1,0.1978459892132029,128
8,20,0.31838991552750695,0.31838991552750695,0.8041319830516207,0.8371298786997462,0.8206309308756834,6.620126724243164,36,12,5,64,0.0001187632816932206,5.4254126473815405e-06,0.9245204237022315,128,2,0.0685181867837602,32
8,21,0.305719897071308,0.305719897071308,0.8087290718255111,0.8464473142665769,0.827588193046044,4.456398248672485,36,12,5,64,0.0003567106690649258,5.4254126473815405e-06,0.9245204237022315,128,1,0.1978459892132029,128
8,22,0.27969315345274576,0.27969315345274576,0.8317812608100555,0.8535153431941274,0.8426483020020914,5.549983739852905,72,12,5,64,0.0003567106690649258,5.4254126473815405e-06,0.9245204237022315,128,2,0.0685181867837602,32
8,23,0.28061988901964485,0.28061988901964485,0.8296175071417003,0.854454937161539,0.8420362221516197,4.9753875732421875,72,12,5,64,0.0003567106690649258,5.4254126473815405e-06,0.9245204237022315,256,1,0.1978459892132029,128
8,24,0.25805033336986194,0.25805033336986194,0.8436458242949848,0.8658725656167215,0.8547591949558532,7.879735469818115,72,12,5,64,0.0003567106690649258,5.4254126473815405e-06,1.694140041744789,128,2,0.0685181867837602,32
9,0,0.2800722734175901,0.2800722734175901,0.8308470842973942,0.8539431981129216,0.8423951412051579,7.477167844772339,72,12,5,64,0.0003567106690649258,5.4254126473815405e-06,1.694140041744789,128,2,0.0685181867837602,32
9,1,0.27060571328841426,0.27060571328841426,0.8368165728560061,0.8586563811536693,0.8477364770048377,5.774851322174072,36,12,5,64,0.0003567106690649258,5.4254126473815405e-06,0.9245204237022315,128,2,0.0685181867837602,32
9,2,0.28197208062850215,0.28197208062850215,0.8369297739860588,0.8465389129343075,0.8417343434601832,6.535647392272949,72,12,5,64,0.0003567106690649258,5.2014844215148174e-05,0.9245204237022315,128,2,0.0685181867837602,64
9,3,0.2846912585477778,0.2846912585477778,0.8232313010398588,0.8558154252551684,0.8395233631475136,7.843652248382568,72,12,5,64,0.0003567106690649258,5.4254126473815405e-06,0.9245204237022315,128,2,0.0685181867837602,64
9,4,0.2783870008540026,0.2783870008540026,0.8257418382036303,0.8602535846312128,0.8429977114174216,8.801419734954834,72,12,5,64,0.0003567106690649258,5.4254126473815405e-06,0.9245204237022315,256,1,0.1978459892132029,32
9,5,0.2859452523012212,0.2859452523012212,0.8328839440892004,0.8459271974914524,0.8394055707903264,7.445968151092529,36,12,5,64,0.0003567106690649258,5.4254126473815405e-06,0.9245204237022315,128,2,0.0685181867837602,64
9,6,0.2923234860527324,0.2923234860527324,0.8181772890737782,0.8522294686635419,0.83520337886866,8.928203105926514,72,12,5,64,0.0003567106690649258,5.4254126473815405e-06,0.9245204237022315,128,1,0.0685181867837602,64
9,7,0.2810055317088244,0.2810055317088244,0.8248079069643723,0.8583136042962758,0.8415607556303241,6.866787672042847,72,12,5,64,0.0003567106690649258,5.4254126473815405e-06,1.694140041744789,128,2,0.0685181867837602,32
9,8,0.28852207520428824,0.28852207520428824,0.8200728381815039,0.8545670518987147,0.8373199450401093,8.320164918899536,36,12,5,64,0.0003567106690649258,5.4254126473815405e-06,0.9245204237022315,128,2,0.0685181867837602,32
9,9,0.34754296930078515,0.34754296930078515,0.7858855162524685,0.8224935783677736,0.804189547310121,7.420641183853149,72,12,5,64,0.0003567106690649258,0.0,0.9245204237022315,32,2,0.0685181867837602,32
9,10,0.2685728748851919,0.2685728748851919,0.8380686431606859,0.8596949428970109,0.8488817930288484,7.77841591835022,72,12,5,64,0.0003567106690649258,5.4254126473815405e-06,0.9245204237022315,256,1,0.1978459892132029,32
9,11,0.26647246202683067,0.26647246202683067,0.8369446537941104,0.8629126392748032,0.8499286465344569,7.615488290786743,36,12,5,64,0.0003567106690649258,5.4254126473815405e-06,0.9245204237022315,256,1,0.1978459892132029,32
9,12,0.29006072671655664,0.29006072671655664,0.8193082260646517,0.8536185769241036,0.8364634014943777,6.483760595321655,36,12,5,64,0.0003567106690649258,5.4254126473815405e-06,0.9245204237022315,128,2,0.1978459892132029,32
9,13,0.2840191106745266,0.2840191106745266,0.8229827225433557,0.8567465721279715,0.8398646473356636,5.3382933139801025,72,12,5,64,0.0003567106690649258,5.4254126473815405e-06,0.9245204237022315,128,2,0.0685181867837602,32
9,14,0.2736716040952958,0.2736716040952958,0.8357124196192812,0.8563944528263707,0.846053436222826,7.817243814468384,36,12,5,64,0.0003567106690649258,5.4254126473815405e-06,0.9245204237022315,128,2,0.0685181867837602,32
9,15,0.2699875257869455,0.2699875257869455,0.8332953909135902,0.8624334568541003,0.8478644238838453,7.512969493865967,36,12,5,64,0.0003567106690649258,5.4254126473815405e-06,1.4008242431738662,128,2,0.0685181867837602,64
9,16,0.27089138719487316,0.27089138719487316,0.8367234871844778,0.8584369415490333,0.8475802143667555,6.237958669662476,72,12,5,64,0.0003567106690649258,5.4254126473815405e-06,1.694140041744789,128,2,0.0685181867837602,32
9,17,0.2767761097872321,0.2767761097872321,0.8289856717028742,0.8590792260521863,0.8440324488775303,6.363722324371338,72,12,5,64,0.0003567106690649258,5.4254126473815405e-06,0.9245204237022315,128,2,0.0685181867837602,32
9,18,0.2917231110965504,0.2917231110965504,0.820534823582994,0.8507729716199717,0.8356538976014829,7.6974310874938965,72,12,5,64,0.0003567106690649258,1.2808426994078018e-06,0.9245204237022315,128,1,0.1978459892132029,32
9,19,0.2863757674069328,0.2863757674069328,0.8216672284896818,0.855421923118501,0.8385445758040914,6.6644299030303955,72,12,5,64,0.0003567106690649258,5.4254126473815405e-06,0.9245204237022315,128,2,0.0685181867837602,128
9,20,0.2775799679883661,0.2775799679883661,0.8320307999213832,0.8555281336364677,0.8437794667789255,6.009079694747925,72,12,5,64,0.0003567106690649258,5.4254126473815405e-06,1.694140041744789,128,2,0.1978459892132029,128
9,21,0.27190375583057097,0.27190375583057097,0.8332553112183497,0.8604431020094119,0.8468492066138809,5.108858346939087,144,12,5,64,0.0003567106690649258,5.4254126473815405e-06,0.9245204237022315,128,2,0.0685181867837602,64
9,22,0.276993288713343,0.276993288713343,0.8325184421582771,0.8557158432361194,0.8441171426971983,5.620032548904419,36,12,5,64,0.0003567106690649258,5.4254126473815405e-06,1.4008242431738662,256,1,0.1978459892132029,64
9,23,0.2741679928519509,0.2741679928519509,0.8305797333134406,0.8604226185732383,0.8455011759433395,4.38200569152832,72,12,5,64,0.0003567106690649258,5.4254126473815405e-06,0.9245204237022315,256,1,0.1978459892132029,64
9,24,0.266875803789353,0.266875803789353,0.8403636418915679,0.8594533691713269,0.8499085055314474,4.78957462310791,72,12,5,64,0.0003567106690649258,5.4254126473815405e-06,0.9245204237022315,128,2,0.0685181867837602,64
10,0,0.27532770671946477,0.27532770671946477,0.8260704708213426,0.8631965026412576,0.8446334867313001,5.648224353790283,36,12,5,64,0.0003567106690649258,5.4254126473815405e-06,0.9245204237022315,256,1,0.1978459892132029,32
10,1,0.2816159470196076,0.2816159470196076,0.8226853792609874,0.859551056966307,0.8411182181136472,10.609063625335693,72,12,5,64,0.0003567106690649258,5.4254126473815405e-06,0.9245204237022315,128,2,0.0685181867837602,64
10,2,0.2892408434719963,0.2892408434719963,0.8145118012807886,0.858740110733662,0.8366259560072253,9.558494567871094,36,12,5,64,0.0003567106690649258,5.4254126473815405e-06,0.9245204237022315,256,1,0.1978459892132029,32
10,3,0.2801232312452347,0.2801232312452347,0.8262527134813522,0.857964778896484,0.8421087461889181,7.6535866260528564,36,12,5,64,0.0003567106690649258,5.4254126473815405e-06,1.4008242431738662,128,2,0.0685181867837602,128
10,4,0.2643372617303369,0.2643372617303369,0.8359970031238426,0.8660106902553195,0.8510038466895811,5.646108627319336,36,12,5,64,0.0003567106690649258,5.4254126473815405e-06,0.9245204237022315,256,1,0.1978459892132029,32
10,5,0.2831722198323133,0.2831722198323133,0.8338000384709687,0.8480463320964094,0.8409231852836891,8.706563234329224,144,12,5,64,0.0003567106690649258,5.4254126473815405e-06,1.694140041744789,128,2,0.0685181867837602,32
10,6,0.27657300265715085,0.27657300265715085,0.8311106491633905,0.8574089789846977,0.844259814074044,6.838263034820557,72,12,5,64,0.0003567106690649258,5.4254126473815405e-06,0.9245204237022315,128,2,0.0685181867837602,64
10,7,0.2803953956155216,0.2803953956155216,0.8253813051785966,0.8584500331525364,0.8419156691655665,7.317480802536011,72,12,5,64,0.0003567106690649258,5.4254126473815405e-06,0.9245204237022315,128,2,0.0685181867837602,64
10,8,0.27577576790263947,0.27577576790263947,0.8358957733679198,0.8540071680292217,0.8449514706985708,7.038712501525879,36,12,5,64,0.0003567106690649258,5.4254126473815405e-06,0.9245204237022315,128,2,0.0685181867837602,128
10,9,0.29458532103880203,0.29458532103880203,0.8157333814957871,0.8520060676811506,0.8338697245884689,10.452624797821045,144,12,5,64,0.0003567106690649258,5.4254126473815405e-06,0.9245204237022315,128,2,0.1978459892132029,32
10,10,0.29068351429413986,0.29068351429413986,0.8297848585991201,0.8436667436017734,0.8367258011004468,6.079234838485718,72,12,5,64,0.0003567106690649258,5.4254126473815405e-06,0.9245204237022315,128,2,0.0685181867837602,32
10,11,0.2866980137034533,0.2866980137034533,0.818949673287761,0.8574918412978689,0.838220757292815,16.135054111480713,144,12,5,64,0.0003567106690649258,5.4254126473815405e-06,0.9245204237022315,256,1,0.0685181867837602,64
10,12,0.28398920635488584,0.28398920635488584,0.8234593586975667,0.8563553726363212,0.839907365666944,7.904410123825073,72,12,5,64,0.0003567106690649258,5.4254126473815405e-06,0.9245204237022315,256,1,0.1978459892132029,32
10,13,0.2828588880957129,0.2828588880957129,0.8247776681359683,0.856380983221986,0.8405793256789771,7.214499235153198,144,12,5,64,0.0003567106690649258,5.4254126473815405e-06,1.4008242431738662,128,2,0.0685181867837602,64
10,14,0.2726756047437535,0.2726756047437535,0.8396182074067648,0.8539827820206893,0.8468004947137271,6.602119445800781,72,12,5,64,0.0003567106690649258,5.4254126473815405e-06,1.4008242431738662,128,2,0.0685181867837602,64
10,15,0.27107657723248324,0.27107657723248324,0.8371587493527052,0.857855039020886,0.8475068941867956,4.35437273979187,36,12,5,64,0.0003567106690649258,5.4254126473815405e-06,0.9245204237022315,128,2,0.0685181867837602,32
10,16,0.26378838901213786,0.26378838901213786,0.841726670998611,0.8615084350427723,0.8516175530206916,5.898043155670166,36,12,5,64,0.0003567106690649258,5.4254126473815405e-06,0.9245204237022315,128,2,0.0685181867837602,32
10,17,0.28506268281987646,0.28506268281987646,0.8238755849605,0.8548512257131586,0.8393634053368293,7.942783832550049,36,12,5,64,0.0003567106690649258,5.4254126473815405e-06,0.9245204237022315,128,2,0.0685181867837602,64
10,18,0.2822135234261579,0.2822135234261579,0.8309139585651897,0.8516200275870378,0.8412669930761137,7.418902635574341,72,12,5,64,0.0003567106690649258,5.4254126473815405e-06,0.9245204237022315,64,2,0.0685181867837602,32
10,19,0.27646867986668877,0.27646867986668877,0.8365594467466283,0.8526858696050832,0.8446226581758558,4.315906524658203,72,12,5,64,0.0003567106690649258,5.4254126473815405e-06,1.522944755668076,128,2,0.0685181867837602,32
10,20,0.27950967569402196,0.27950967569402196,0.8319665535279283,0.8535449626121657,0.842755758070047,5.133734703063965,72,12,5,64,0.0003567106690649258,5.4254126473815405e-06,0.9245204237022315,128,2,0.0685181867837602,64
10,21,0.27118318221148324,0.27118318221148324,0.8308015204368193,0.8633815637700768,0.8470915421034481,6.042884588241577,72,12,5,64,0.0003567106690649258,2.087834656468384e-05,0.9245204237022315,256,1,0.0685181867837602,32
10,22,0.2764386913993142,0.2764386913993142,0.8288791506972618,0.8595304489803794,0.8442047998388207,5.584650039672852,36,12,5,64,0.0003567106690649258,5.4254126473815405e-06,0.08628866267033075,128,2,0.0685181867837602,128
10,23,0.2764371257414792,0.2764371257414792,0.8299017787001775,0.8586249626188202,0.8442633706594989,3.4944374561309814,72,12,5,64,0.0003567106690649258,5.4254126473815405e-06,0.9245204237022315,128,2,0.0685181867837602,32
10,24,0.27351253555420246,0.27351253555420246,0.8296647567673263,0.8619272384117902,0.8457959975895583,9.185158491134644,72,12,5,64,0.0003567106690649258,5.4254126473815405e-06,0.9245204237022315,256,2,0.0685181867837602,32
